<?xml version="1.0" encoding="UTF-8"?>
<rss version="2.0" xmlns:ror="http://rorweb.com/0.1/" >
<channel>
  <title>ROR Sitemap for https://fan-o-fan-000.000webhostapp.com/</title>
  <link>https://fan-o-fan-000.000webhostapp.com/</link>

<item>
     <link>https://fan-o-fan-000.000webhostapp.com/</link>
     <title>Home - Fan O Fan</title>
     <description>Home - Fan O Fan</description>
     <ror:updatePeriod></ror:updatePeriod>
     <ror:sortOrder>0</ror:sortOrder>
     <ror:resourceOf>sitemap</ror:resourceOf>
</item>
<item>
     <link>https://fan-o-fan-000.000webhostapp.com/index.html</link>
     <title>Home - Fan O Fan</title>
     <description>Home - Fan O Fan</description>
     <ror:updatePeriod></ror:updatePeriod>
     <ror:sortOrder>1</ror:sortOrder>
     <ror:resourceOf>sitemap</ror:resourceOf>
</item>
<item>
     <link>https://fan-o-fan-000.000webhostapp.com/gallery.html</link>
     <title>Gallery - Fan O Fan</title>
     <description>Gallery - Fan O Fan</description>
     <ror:updatePeriod></ror:updatePeriod>
     <ror:sortOrder>1</ror:sortOrder>
     <ror:resourceOf>sitemap</ror:resourceOf>
</item>
<item>
     <link>https://fan-o-fan-000.000webhostapp.com/fans.pdf</link>
     <title></title>
     
     <ror:updatePeriod></ror:updatePeriod>
     <ror:sortOrder>1</ror:sortOrder>
     <ror:resourceOf>sitemap</ror:resourceOf>
</item>
<item>
     <link>https://fan-o-fan-000.000webhostapp.com/pedestalfan.html</link>
     <title>Pedestal Fan - Fan O Fan</title>
     <description>Pedestal Fan - Fan O Fan</description>
     <ror:updatePeriod></ror:updatePeriod>
     <ror:sortOrder>1</ror:sortOrder>
     <ror:resourceOf>sitemap</ror:resourceOf>
</item>
<item>
     <link>https://fan-o-fan-000.000webhostapp.com/ceilingfan.html</link>
     <title>Ceiling Fan - Fan O Fan</title>
     <description>Ceiling Fan - Fan O Fan</description>
     <ror:updatePeriod></ror:updatePeriod>
     <ror:sortOrder>1</ror:sortOrder>
     <ror:resourceOf>sitemap</ror:resourceOf>
</item>
<item>
     <link>https://fan-o-fan-000.000webhostapp.com/rechargeablefan.html</link>
     <title>Rechargable Fan - Fan O Fan</title>
     <description>Rechargable Fan - Fan O Fan</description>
     <ror:updatePeriod></ror:updatePeriod>
     <ror:sortOrder>1</ror:sortOrder>
     <ror:resourceOf>sitemap</ror:resourceOf>
</item>
<item>
     <link>https://fan-o-fan-000.000webhostapp.com/contact.html</link>
     <title>Contact - Fan O Fan</title>
     <description>Contact - Fan O Fan</description>
     <ror:updatePeriod></ror:updatePeriod>
     <ror:sortOrder>1</ror:sortOrder>
     <ror:resourceOf>sitemap</ror:resourceOf>
</item>
</channel>
</rss>
  